pLabel,p,equivclass,equivprop,sub,super
award received,http://www.wikidata.org/entity/P166,,http://schema.org/award,,
place of birth,http://www.wikidata.org/entity/P19,,http://schema.org/birthPlace,,
performer,http://www.wikidata.org/entity/P175,,http://schema.org/byArtist,,
employer,http://www.wikidata.org/entity/P108,,http://schema.org/worksFor,,
given name,http://www.wikidata.org/entity/P735,,http://schema.org/givenName,,
height,http://www.wikidata.org/entity/P2048,,http://schema.org/height,,
series ordinal,http://www.wikidata.org/entity/P1545,,http://schema.org/position,,
translator,http://www.wikidata.org/entity/P655,,http://schema.org/translator,,
URL,http://www.wikidata.org/entity/P2699,,http://schema.org/url,,
intended public,http://www.wikidata.org/entity/P2360,,http://schema.org/audience,,
author,http://www.wikidata.org/entity/P50,,http://schema.org/author,,
date of birth,http://www.wikidata.org/entity/P569,,http://schema.org/birthDate,,
characters,http://www.wikidata.org/entity/P674,,http://schema.org/character,,
child,http://www.wikidata.org/entity/P40,,http://schema.org/children,,
contributor(s) to the subject,http://www.wikidata.org/entity/P767,,http://schema.org/contributor,,
editor,http://www.wikidata.org/entity/P98,,http://schema.org/editor,,
family name,http://www.wikidata.org/entity/P734,,http://schema.org/familyName,,
has part,http://www.wikidata.org/entity/P527,,http://schema.org/hasPart,,
narrative location,http://www.wikidata.org/entity/P840,,http://schema.org/contentLocation,,
MPAA film rating,http://www.wikidata.org/entity/P1657,,http://schema.org/contentRating,,
duration,http://www.wikidata.org/entity/P2047,,http://schema.org/duration,,
coordinate location,http://www.wikidata.org/entity/P625,,http://schema.org/geo,,
International Standard Recording Code,http://www.wikidata.org/entity/P1243,,http://schema.org/isrcCode,,
license,http://www.wikidata.org/entity/P275,,http://schema.org/license,,
member of,http://www.wikidata.org/entity/P463,,http://schema.org/memberOf,,
country of citizenship,http://www.wikidata.org/entity/P27,,http://schema.org/nationality,,
manufacturer,http://www.wikidata.org/entity/P176,,http://schema.org/provider,,
recorded at,http://www.wikidata.org/entity/P483,,http://schema.org/recordedAt,,
spouse,http://www.wikidata.org/entity/P26,,http://schema.org/spouse,,
place of death,http://www.wikidata.org/entity/P20,,http://schema.org/deathPlace,,
sex or gender,http://www.wikidata.org/entity/P21,,http://schema.org/gender,,
image,http://www.wikidata.org/entity/P18,,http://schema.org/image,,
video,http://www.wikidata.org/entity/P10,,http://schema.org/video,,
audio,http://www.wikidata.org/entity/P51,,http://schema.org/audio,,
creator,http://www.wikidata.org/entity/P170,,http://schema.org/creator,,
inception,http://www.wikidata.org/entity/P571,,http://schema.org/dateCreated,,
publication date,http://www.wikidata.org/entity/P577,,http://schema.org/datePublished,,
date of death,http://www.wikidata.org/entity/P570,,http://schema.org/deathDate,,
founder,http://www.wikidata.org/entity/P112,,http://schema.org/founder,,
genre,http://www.wikidata.org/entity/P136,,http://schema.org/genre,,
illustrator,http://www.wikidata.org/entity/P110,,http://schema.org/illustrator,,
part of,http://www.wikidata.org/entity/P361,,http://schema.org/isPartOf,,
producer,http://www.wikidata.org/entity/P162,,http://schema.org/producer,,
publisher,http://www.wikidata.org/entity/P123,,http://schema.org/publisher,,
title,http://www.wikidata.org/entity/P1476,,http://schema.org/name,,
name,http://www.wikidata.org/entity/P2561,,http://schema.org/name,,
cites,http://www.wikidata.org/entity/P2860,,http://schema.org/citation,,
cast member,http://www.wikidata.org/entity/P161,,http://schema.org/actor,,
composer,http://www.wikidata.org/entity/P86,,http://schema.org/composer,,
director,http://www.wikidata.org/entity/P57,,http://schema.org/director,,
brand,http://www.wikidata.org/entity/P1716,,http://schema.org/brand,,
logo image,http://www.wikidata.org/entity/P154,,http://schema.org/logo,,
location,http://www.wikidata.org/entity/P276,,http://schema.org/location,,
country of origin,http://www.wikidata.org/entity/P495,,http://schema.org/countryOfOrigin,,
issue,http://www.wikidata.org/entity/P433,,http://schema.org/issueNumber,,
number of pages,http://www.wikidata.org/entity/P1104,,http://schema.org/numberOfPages,,
volume,http://www.wikidata.org/entity/P478,,http://schema.org/volumeNumber,,
review score,http://www.wikidata.org/entity/P444,,http://schema.org/reviewRating,,
number of episodes,http://www.wikidata.org/entity/P1113,,http://schema.org/numberOfEpisodes,,
list of episodes,http://www.wikidata.org/entity/P1811,,http://schema.org/episodes,,
participant,http://www.wikidata.org/entity/P710,,http://schema.org/agent,,
width,http://www.wikidata.org/entity/P2049,,http://schema.org/width,,
length,http://www.wikidata.org/entity/P2043,,http://schema.org/distance,,
day of week,http://www.wikidata.org/entity/P2894,,http://schema.org/dayOfWeek,,
flight number,http://www.wikidata.org/entity/P3090,,http://schema.org/flightNumber,,
IATA airport code,http://www.wikidata.org/entity/P238,,http://schema.org/iataCode,,
ICAO airport code,http://www.wikidata.org/entity/P239,,http://schema.org/icaoCode,,
said to be the same as,http://www.wikidata.org/entity/P460,,http://schema.org/sameAs,,
exact match,http://www.wikidata.org/entity/P2888,,http://schema.org/sameAs,,
ticker symbol,http://www.wikidata.org/entity/P249,,http://schema.org/tickerSymbol,,
character role,http://www.wikidata.org/entity/P453,,http://schema.org/roleName,,
start time,http://www.wikidata.org/entity/P580,,http://schema.org/startDate,,
end time,http://www.wikidata.org/entity/P582,,http://schema.org/endDate,,
has part,http://www.wikidata.org/entity/P527,,http://schema.org/addOn,,
participant,http://www.wikidata.org/entity/P710,,http://schema.org/participant,,
start time,http://www.wikidata.org/entity/P580,,http://schema.org/startTime,,
video,http://www.wikidata.org/entity/Q34508,http://schema.org/VideoObject,,,
text file,http://www.wikidata.org/entity/Q86920,http://schema.org/TextDigitalDocument,,,
computer language,http://www.wikidata.org/entity/Q629206,http://schema.org/ComputerLanguage,,,
festival,http://www.wikidata.org/entity/Q132241,http://schema.org/Festival,,,
mountain,http://www.wikidata.org/entity/Q8502,http://schema.org/Mountain,,,
lake,http://www.wikidata.org/entity/Q23397,http://schema.org/LakeBodyOfWater,,,
country,http://www.wikidata.org/entity/Q6256,http://schema.org/Country,,,
car,http://www.wikidata.org/entity/Q1144312,http://schema.org/Car,,,
band,http://www.wikidata.org/entity/Q215380,http://schema.org/MusicGroup,,,
dance troupe,http://www.wikidata.org/entity/Q2393314,http://schema.org/DanceGroup,,,
theatre troupe,http://www.wikidata.org/entity/Q2416217,http://schema.org/TheaterGroup,,,
review,http://www.wikidata.org/entity/Q265158,http://schema.org/Review,,,
sculpture,http://www.wikidata.org/entity/Q860861,http://schema.org/Sculpture,,,
series,http://www.wikidata.org/entity/Q20937557,http://schema.org/Series,,,
recipe,http://www.wikidata.org/entity/Q219239,http://schema.org/Recipe,,,
mobile app,http://www.wikidata.org/entity/Q620615,http://schema.org/MobileApplication,,,
web application,http://www.wikidata.org/entity/Q189210,http://schema.org/WebApplication,,,
source code,http://www.wikidata.org/entity/Q128751,http://schema.org/SoftwareSourceCode,,,
television season,http://www.wikidata.org/entity/Q3464665,http://schema.org/TVSeason,,,
website,http://www.wikidata.org/entity/Q35127,http://schema.org/WebSite,,,
day of the week,http://www.wikidata.org/entity/Q41825,http://schema.org/DayOfWeek,,,
payment method,http://www.wikidata.org/entity/Q1912682,http://schema.org/PaymentMethod,,,
payment card,http://www.wikidata.org/entity/Q1436963,http://schema.org/PaymentCard,,,
credit card,http://www.wikidata.org/entity/Q161380,http://schema.org/CreditCard,,,
license,http://www.wikidata.org/entity/Q79719,http://schema.org/Permit,,,
value,http://www.wikidata.org/entity/Q614112,http://schema.org/Quantity,,,
duration,http://www.wikidata.org/entity/Q21886162,http://schema.org/Duration,,,
energy,http://www.wikidata.org/entity/Q11379,http://schema.org/Energy,,,
mass,http://www.wikidata.org/entity/Q11423,http://schema.org/Mass,,,
seat,http://www.wikidata.org/entity/Q2731419,http://pending.schema.org/Seat,,,
university,http://www.wikidata.org/entity/Q3918,http://schema.org/CollegeOrUniversity,,,
college,http://www.wikidata.org/entity/Q189004,http://schema.org/CollegeOrUniversity,,,
educational organization,http://www.wikidata.org/entity/Q5341295,http://schema.org/EducationalOrganization,,,
elementary school,http://www.wikidata.org/entity/Q20950067,http://schema.org/ElementarySchool,,,
Diet,http://www.wikidata.org/entity/Q26869695,http://schema.org/Diet,,,
atlas,http://www.wikidata.org/entity/Q162827,http://schema.org/Atlas,,,
has role,http://www.wikidata.org/entity/P2868,http://schema.org/Role,,,
role,http://www.wikidata.org/entity/Q214339,http://schema.org/Role,,,
address,http://www.wikidata.org/entity/Q319608,http://schema.org/PostalAddress,,,
collection,http://www.wikidata.org/entity/P195,http://schema.org/Collection,,,
collection,http://www.wikidata.org/entity/Q2668072,http://schema.org/Collection,,,
series of creative works,http://www.wikidata.org/entity/Q7725310,http://schema.org/CreativeWorkSeries,,,
motorcycle,http://www.wikidata.org/entity/Q34493,http://schema.org/Motorcycle,,,
audiobook,http://www.wikidata.org/entity/Q106833,http://schema.org/Audiobook,,,
chapter,http://www.wikidata.org/entity/Q1980247,http://schema.org/Chapter,,,
newspaper,http://www.wikidata.org/entity/Q11032,http://schema.org/Newspaper,,,
comic,http://www.wikidata.org/entity/Q1004,http://schema.org/ComicStory,,,
language,http://www.wikidata.org/entity/Q34770,http://schema.org/Language,,,
audio file,http://www.wikidata.org/entity/Q26987229,http://schema.org/AudioObject,,,
gas station,http://www.wikidata.org/entity/Q205495,http://schema.org/GasStation,,,
high school,http://www.wikidata.org/entity/Q9826,http://schema.org/HighSchool,,,
middle school,http://www.wikidata.org/entity/Q149566,http://schema.org/MiddleSchool,,,
preschool,http://www.wikidata.org/entity/Q1076052,http://schema.org/Preschool,,,
school,http://www.wikidata.org/entity/Q3914,http://schema.org/School,,,
government organization,http://www.wikidata.org/entity/Q2659904,http://schema.org/GovernmentOrganization,,,
animal shelter,http://www.wikidata.org/entity/Q1411287,http://schema.org/AnimalShelter,,,
auto body shop,http://www.wikidata.org/entity/Q27003353,http://schema.org/AutoBodyShop,,,
car rental,http://www.wikidata.org/entity/Q291240,http://schema.org/AutoRental,,,
Childcare center,http://www.wikidata.org/entity/Q27008444,http://schema.org/ChildCare,,,
emergency service,http://www.wikidata.org/entity/Q814610,http://schema.org/EmergencyService,,,
fire station,http://www.wikidata.org/entity/Q1195942,http://schema.org/FireStation,,,
hospital,http://www.wikidata.org/entity/Q16917,http://schema.org/Hospital,,,
police station,http://www.wikidata.org/entity/Q861951,http://schema.org/PoliceStation,,,
employment agency,http://www.wikidata.org/entity/Q261362,http://schema.org/EmploymentAgency,,,
extended play,http://www.wikidata.org/entity/Q169930,http://schema.org/EPRelease,,,
single,http://www.wikidata.org/entity/Q134556,http://schema.org/SingleRelease,,,
medical specialty,http://www.wikidata.org/entity/Q930752,http://schema.org/MedicalSpecialty,,,
corporation,http://www.wikidata.org/entity/Q167037,http://schema.org/Corporation,,,
amusement park,http://www.wikidata.org/entity/Q194195,http://schema.org/AmusementPark,,,
art gallery,http://www.wikidata.org/entity/Q1007870,http://schema.org/ArtGallery,,,
casino,http://www.wikidata.org/entity/Q133215,http://schema.org/Casino,,,
comedy club,http://www.wikidata.org/entity/Q2814066,http://schema.org/ComedyClub,,,
nightclub,http://www.wikidata.org/entity/Q622425,http://schema.org/NightClub,,,
financial services,http://www.wikidata.org/entity/Q837171,http://schema.org/FinancialService,,,
accounting services,http://www.wikidata.org/entity/Q23671509,http://schema.org/AccountingService,,,
automated teller machine,http://www.wikidata.org/entity/Q81235,http://schema.org/AutomatedTeller,,,
bank,http://www.wikidata.org/entity/Q22687,http://schema.org/BankOrCreditUnion,,,
credit union,http://www.wikidata.org/entity/Q745877,http://schema.org/BankOrCreditUnion,,,
insurance agency,http://www.wikidata.org/entity/Q27038992,http://schema.org/InsuranceAgency,,,
bakery,http://www.wikidata.org/entity/Q274393,http://schema.org/Bakery,,,
bar,http://www.wikidata.org/entity/Q187456,http://schema.org/BarOrPub,,,
pub,http://www.wikidata.org/entity/Q212198,http://schema.org/BarOrPub,,,
brewery,http://www.wikidata.org/entity/Q131734,http://schema.org/Brewery,,,
ice cream parlor,http://www.wikidata.org/entity/Q1311064,http://schema.org/IceCreamShop,,,
winery,http://www.wikidata.org/entity/Q156362,http://schema.org/Winery,,,
post office,http://www.wikidata.org/entity/Q35054,http://schema.org/PostOffice,,,
beauty salon,http://www.wikidata.org/entity/Q1195245,http://schema.org/BeautySalon,,,
day spa,http://www.wikidata.org/entity/Q11290050,http://schema.org/DaySpa,,,
haircutting establishment,http://www.wikidata.org/entity/Q27038995,http://schema.org/HairSalon,,,
health club,http://www.wikidata.org/entity/Q1065656,http://schema.org/HealthClub,,,
Nail salon,http://www.wikidata.org/entity/Q8007048,http://schema.org/NailSalon,,,
tattoo parlor,http://www.wikidata.org/entity/Q27038997,http://schema.org/TattooParlor,,,
electrician,http://www.wikidata.org/entity/Q165029,http://schema.org/Electrician,,,
model,http://www.wikidata.org/entity/Q17444171,http://schema.org/ProductModel,,,
bus,http://www.wikidata.org/entity/Q5638,http://schema.org/BusOrCoach,,,
Boolean data type,http://www.wikidata.org/entity/Q520777,http://schema.org/Boolean,,,
false,http://www.wikidata.org/entity/Q5432619,http://schema.org/False,,,
true,http://www.wikidata.org/entity/Q16751793,http://schema.org/True,,,
Date,http://www.wikidata.org/entity/Q3016931,http://schema.org/Date,,,
number,http://www.wikidata.org/entity/Q11563,http://schema.org/Number,,,
floating point number,http://www.wikidata.org/entity/Q27150272,http://schema.org/Float,,,
string,http://www.wikidata.org/entity/Q184754,http://schema.org/Text,,,
timestamp,http://www.wikidata.org/entity/Q186885,http://schema.org/Time,,,
course,http://www.wikidata.org/entity/Q600134,http://schema.org/Course,,,
comic series,http://www.wikidata.org/entity/Q27164577,http://schema.org/ComicSeries,,,
quotation,http://www.wikidata.org/entity/Q206287,http://pending.schema.org/Quotation,,,
thesis,http://www.wikidata.org/entity/Q1266946,http://schema.org/Thesis,,,
medical examination,http://www.wikidata.org/entity/Q835153,http://schema.org/PhysicalExam,,,
anatomical structure,http://www.wikidata.org/entity/Q4936952,http://schema.org/AnatomicalStructure,,,
bone,http://www.wikidata.org/entity/Q265868,http://schema.org/Bone,,,
joint,http://www.wikidata.org/entity/Q9644,http://schema.org/Joint,,,
ligament,http://www.wikidata.org/entity/Q39888,http://schema.org/Ligament,,,
muscle,http://www.wikidata.org/entity/Q7365,http://schema.org/Muscle,,,
nerve,http://www.wikidata.org/entity/Q9620,http://schema.org/Nerve,,,
vessel,http://www.wikidata.org/entity/Q382386,http://schema.org/Vessel,,,
artery,http://www.wikidata.org/entity/Q9655,http://schema.org/Artery,,,
lymphatic vessel,http://www.wikidata.org/entity/Q11238641,http://schema.org/LymphaticVessel,,,
veins,http://www.wikidata.org/entity/Q9609,http://schema.org/Vein,,,
infectious disease,http://www.wikidata.org/entity/Q18123741,http://schema.org/InfectiousDisease,,,
medical sign,http://www.wikidata.org/entity/Q1441305,http://schema.org/MedicalSign,,,
vital signs,http://www.wikidata.org/entity/Q1067560,http://schema.org/VitalSign,,,
symptom,http://www.wikidata.org/entity/Q169872,http://schema.org/MedicalSymptom,,,
medical device,http://www.wikidata.org/entity/Q6554101,http://schema.org/MedicalDevice,,,
Medical guideline,http://www.wikidata.org/entity/Q878041,http://schema.org/MedicalGuideline,,,
medical code,http://www.wikidata.org/entity/Q27165776,http://schema.org/MedicalCode,,,
medical procedure,http://www.wikidata.org/entity/Q796194,http://schema.org/MedicalProcedure,,,
diagnostic procedure,http://www.wikidata.org/entity/Q177719,http://schema.org/DiagnosticProcedure,,,
palliative procedure,http://www.wikidata.org/entity/Q27165812,http://schema.org/PalliativeProcedure,,,
surgical procedure,http://www.wikidata.org/entity/Q15636229,http://schema.org/SurgicalProcedure,,,
occupational therapy,http://www.wikidata.org/entity/Q380141,http://schema.org/OccupationalTherapy,,,
physiotherapy,http://www.wikidata.org/entity/Q186005,http://schema.org/PhysicalTherapy,,,
radiation therapy,http://www.wikidata.org/entity/Q180507,http://schema.org/RadiationTherapy,,,
respiratory therapy,http://www.wikidata.org/entity/Q19776279,http://schema.org/RespiratoryTherapy,,,
psychological treatment,http://www.wikidata.org/entity/Q27166103,http://schema.org/PsychologicalTreatment,,,
medical study,http://www.wikidata.org/entity/Q27166169,http://schema.org/MedicalStudy,,,
medical trial,http://www.wikidata.org/entity/Q27166192,http://schema.org/MedicalTrial,,,
medical test,http://www.wikidata.org/entity/Q2671652,http://schema.org/MedicalTest,,,
blood test,http://www.wikidata.org/entity/Q27166236,http://schema.org/BloodTest,,,
substance,http://www.wikidata.org/entity/Q27166344,http://schema.org/Substance,,,
dietary supplement,http://www.wikidata.org/entity/Q645858,http://schema.org/DietarySupplement,,,
drug,http://www.wikidata.org/entity/Q8386,http://schema.org/Drug,,,
Superficial anatomy,http://www.wikidata.org/entity/Q3545415,http://schema.org/SuperficialAnatomy,,,
Community health,http://www.wikidata.org/entity/Q3473024,http://schema.org/CommunityHealth,,,
dermatology,http://www.wikidata.org/entity/Q171171,http://schema.org/Dermatology,,,
emergency,http://www.wikidata.org/entity/Q5070802,http://schema.org/Emergency,,,
geriatrics,http://www.wikidata.org/entity/Q10384,http://schema.org/Geriatric,,,
gynaecology,http://www.wikidata.org/entity/Q1221899,http://schema.org/Gynecologic,,,
midwifery,http://www.wikidata.org/entity/Q20862341,http://schema.org/Midwifery,,,
nursing,http://www.wikidata.org/entity/Q121176,http://schema.org/Nursing,,,
obstetrics,http://www.wikidata.org/entity/Q5284418,http://schema.org/Obstetric,,,
oncology,http://www.wikidata.org/entity/Q162555,http://schema.org/Oncologic,,,
optician,http://www.wikidata.org/entity/Q1996635,http://schema.org/Optician,,,
optometry,http://www.wikidata.org/entity/Q618211,http://schema.org/Optometric,,,
physiotherapy,http://www.wikidata.org/entity/Q186005,http://schema.org/Physiotherapy,,,
plastic surgery,http://www.wikidata.org/entity/Q182442,http://schema.org/PlasticSurgery,,,
podiatry,http://www.wikidata.org/entity/Q18011356,http://schema.org/Podiatric,,,
primary care,http://www.wikidata.org/entity/Q3259956,http://schema.org/PrimaryCare,,,
psychiatry,http://www.wikidata.org/entity/Q7867,http://schema.org/Psychiatric,,,
public health,http://www.wikidata.org/entity/Q189603,http://schema.org/PublicHealth,,,
medical clinic,http://www.wikidata.org/entity/Q27166452,http://schema.org/MedicalClinic,,,
veterinary medicine,http://www.wikidata.org/entity/Q170201,http://schema.org/VeterinaryCare,,,
article,http://www.wikidata.org/entity/Q191067,http://schema.org/Article,,,
event,http://www.wikidata.org/entity/Q1656682,http://schema.org/Event,,,
episode,http://www.wikidata.org/entity/Q1983062,http://schema.org/Episode,,,
television series,http://www.wikidata.org/entity/Q5398426,http://schema.org/TVSeries,,,
musical composition,http://www.wikidata.org/entity/Q207628,http://schema.org/MusicComposition,,,
radio series,http://www.wikidata.org/entity/Q14623351,http://schema.org/RadioSeries,,,
administrative territorial entity,http://www.wikidata.org/entity/Q56061,http://schema.org/AdministrativeArea,,,
administrative region,http://www.wikidata.org/entity/Q3455524,http://schema.org/AdministrativeArea,,,
caf√©,http://www.wikidata.org/entity/Q30022,http://schema.org/CafeOrCoffeeShop,,,
church,http://www.wikidata.org/entity/Q16970,http://schema.org/Church,,,
city,http://www.wikidata.org/entity/Q515,http://schema.org/City,,,
creative work,http://www.wikidata.org/entity/Q17537576,http://schema.org/CreativeWork,,,
image,http://www.wikidata.org/entity/Q478798,http://schema.org/ImageObject,,,
image file,http://www.wikidata.org/entity/Q24063789,http://schema.org/ImageObject,,,
photograph,http://www.wikidata.org/entity/Q125191,http://schema.org/Photograph,,,
geographic location,http://www.wikidata.org/entity/Q2221906,http://schema.org/Place,,,
place of worship,http://www.wikidata.org/entity/Q1370598,http://schema.org/PlaceOfWorship,,,
entity,http://www.wikidata.org/entity/Q35120,http://schema.org/Thing,,,
object,http://www.wikidata.org/entity/Q17553950,http://schema.org/Thing,,,
web page,http://www.wikidata.org/entity/Q36774,http://schema.org/WebPage,,,
Map,http://www.wikidata.org/entity/Q4006,http://schema.org/Map,,,
audience,http://www.wikidata.org/entity/Q211198,http://schema.org/Audience,,,
product,http://www.wikidata.org/entity/Q2424752,http://schema.org/Product,,,
service,http://www.wikidata.org/entity/Q7406919,http://schema.org/Service,,,
brand,http://www.wikidata.org/entity/Q431289,http://schema.org/Brand,,,
Uniform Resource Locator,http://www.wikidata.org/entity/Q42253,http://schema.org/URL,,,
visual artwork,http://www.wikidata.org/entity/Q4502142,http://schema.org/VisualArtwork,,,
integer,http://www.wikidata.org/entity/Q12503,http://schema.org/Integer,,,
Integer,http://www.wikidata.org/entity/Q729138,http://schema.org/Integer,,,
game server,http://www.wikidata.org/entity/Q1315933,http://schema.org/GameServer,,,
video game,http://www.wikidata.org/entity/Q7889,http://schema.org/VideoGame,,,
game,http://www.wikidata.org/entity/Q11410,http://schema.org/Game,,,
application,http://www.wikidata.org/entity/Q166142,http://schema.org/SoftwareApplication,,,
financial product,http://www.wikidata.org/entity/Q15809678,http://schema.org/FinancialProduct,,,
vehicle,http://www.wikidata.org/entity/Q42889,http://schema.org/Vehicle,,,
motor vehicle,http://www.wikidata.org/entity/Q752870,http://schema.org/Vehicle,,,
distance,http://www.wikidata.org/entity/Q126017,http://schema.org/Distance,,,
airport,http://www.wikidata.org/entity/Q1248784,http://schema.org/Airport,,,
invoice,http://www.wikidata.org/entity/Q190581,http://schema.org/Invoice,,,
action,http://www.wikidata.org/entity/Q4026292,http://schema.org/Action,,,
blog post,http://www.wikidata.org/entity/Q17928402,http://schema.org/BlogPosting,,,
news article,http://www.wikidata.org/entity/Q5707594,http://schema.org/NewsArticle,,,
report,http://www.wikidata.org/entity/Q10870555,http://schema.org/Report,,,
scientific article,http://www.wikidata.org/entity/Q13442814,http://schema.org/ScholarlyArticle,,,
blog,http://www.wikidata.org/entity/Q30849,http://schema.org/Blog,,,
comment,http://www.wikidata.org/entity/Q1141067,http://schema.org/Comment,,,
answer,http://www.wikidata.org/entity/Q1920566,http://schema.org/Answer,,,
conversation,http://www.wikidata.org/entity/Q52943,http://schema.org/Conversation,,,
book series,http://www.wikidata.org/entity/Q277759,http://schema.org/BookSeries,,,
magazine,http://www.wikidata.org/entity/Q41298,http://schema.org/Periodical,,,
video game series,http://www.wikidata.org/entity/Q7058673,http://schema.org/VideoGameSeries,,,
Data feed,http://www.wikidata.org/entity/Q5227292,http://schema.org/DataFeed,,,
barcode,http://www.wikidata.org/entity/Q856,http://schema.org/Barcode,,,
message,http://www.wikidata.org/entity/Q628523,http://schema.org/Message,,,
playlist,http://www.wikidata.org/entity/Q1569406,http://schema.org/MusicPlaylist,,,
album,http://www.wikidata.org/entity/Q482994,http://schema.org/MusicAlbum,,,
release,http://www.wikidata.org/entity/Q2031291,http://schema.org/MusicRelease,,,
painting,http://www.wikidata.org/entity/Q3305213,http://schema.org/Painting,,,
volume,http://www.wikidata.org/entity/Q19816504,http://schema.org/PublicationVolume,,,
question,http://www.wikidata.org/entity/Q189756,http://schema.org/Question,,,
demand,http://www.wikidata.org/entity/Q4402708,http://schema.org/Demand,,,
father,http://www.wikidata.org/entity/P22,,,,http://schema.org/parent
mother,http://www.wikidata.org/entity/P25,,,,http://schema.org/parent
Exif model,http://www.wikidata.org/entity/P2009,,,,http://schema.org/exifData
Exif make,http://www.wikidata.org/entity/P2010,,,,http://schema.org/exifData
seat,http://www.wikidata.org/entity/Q2731419,,,http://pending.schema.org/seatNumber,
seat,http://www.wikidata.org/entity/Q2731419,,,http://pending.schema.org/seatRow,
seat,http://www.wikidata.org/entity/Q2731419,,,http://pending.schema.org/seatSection,
seat,http://www.wikidata.org/entity/Q2731419,,,http://pending.schema.org/seatingType,
service,http://www.wikidata.org/entity/Q7406919,,,http://pending.schema.org/aggregateRating,
service,http://www.wikidata.org/entity/Q7406919,,,http://pending.schema.org/areaServed,
service,http://www.wikidata.org/entity/Q7406919,,,http://pending.schema.org/audience,
service,http://www.wikidata.org/entity/Q7406919,,,http://pending.schema.org/availableChannel,
service,http://www.wikidata.org/entity/Q7406919,,,http://pending.schema.org/award,
service,http://www.wikidata.org/entity/Q7406919,,,http://pending.schema.org/brand,
service,http://www.wikidata.org/entity/Q7406919,,,http://pending.schema.org/category,
service,http://www.wikidata.org/entity/Q7406919,,,http://pending.schema.org/hasOfferCatalog,
service,http://www.wikidata.org/entity/Q7406919,,,http://pending.schema.org/hoursAvailable,
service,http://www.wikidata.org/entity/Q7406919,,,http://pending.schema.org/isRelatedTo,
service,http://www.wikidata.org/entity/Q7406919,,,http://pending.schema.org/isSimilarTo,
service,http://www.wikidata.org/entity/Q7406919,,,http://pending.schema.org/logo,
service,http://www.wikidata.org/entity/Q7406919,,,http://pending.schema.org/offers,
service,http://www.wikidata.org/entity/Q7406919,,,http://pending.schema.org/provider,
service,http://www.wikidata.org/entity/Q7406919,,,http://pending.schema.org/providerMobility,
service,http://www.wikidata.org/entity/Q7406919,,,http://pending.schema.org/review,
service,http://www.wikidata.org/entity/Q7406919,,,http://pending.schema.org/serviceOutput,
service,http://www.wikidata.org/entity/Q7406919,,,http://pending.schema.org/serviceType,
sponsor,http://www.wikidata.org/entity/P859,,http://schema.org/sponsor,,
movie theater,http://www.wikidata.org/entity/Q41253,,http://schema.org/MovieTheater,,
composer,http://www.wikidata.org/entity/P86,,http://schema.org/musicBy,,
main subject,http://www.wikidata.org/entity/P921,,http://schema.org/about,,
original language of work,http://www.wikidata.org/entity/P364,,http://schema.org/inLanguage,,
language of work or name,http://www.wikidata.org/entity/P407,,http://schema.org/inLanguage,,
data set,http://www.wikidata.org/entity/Q1172284,http://schema.org/Dataset,,,
restaurant,http://www.wikidata.org/entity/Q11707,http://schema.org/Restaurant,,,
person,http://www.wikidata.org/entity/Q215627,http://schema.org/Person,,,
book,http://www.wikidata.org/entity/Q571,http://schema.org/Book,,,
organization,http://www.wikidata.org/entity/Q43229,http://schema.org/Organization,,,
film,http://www.wikidata.org/entity/Q11424,http://schema.org/Movie,,,
general contractor,http://www.wikidata.org/entity/Q289612,http://schema.org/GeneralContractor,,,
house painter,http://www.wikidata.org/entity/Q288728,http://schema.org/HousePainter,,,
locksmith,http://www.wikidata.org/entity/Q3479990,http://schema.org/Locksmith,,,
moving company,http://www.wikidata.org/entity/Q1757263,http://schema.org/MovingCompany,,,
plumber,http://www.wikidata.org/entity/Q252924,http://schema.org/Plumber,,,
patient,http://www.wikidata.org/entity/Q181600,http://schema.org/Patient,,,
trade union,http://www.wikidata.org/entity/Q178790,http://schema.org/WorkersUnion,,,
sports team,http://www.wikidata.org/entity/Q12973014,http://schema.org/SportsTeam,,,
Roofing contractor,http://www.wikidata.org/entity/Q27057193,http://schema.org/RoofingContractor,,,
legal services,http://www.wikidata.org/entity/Q1494322,http://schema.org/LegalService,,,
lawyer,http://www.wikidata.org/entity/Q40348,http://schema.org/Attorney,,,
notary,http://www.wikidata.org/entity/Q189010,http://schema.org/Notary,,,
library,http://www.wikidata.org/entity/Q7075,http://schema.org/Library,,,
bed and breakfast,http://www.wikidata.org/entity/Q367914,http://schema.org/BedAndBreakfast,,,
campground,http://www.wikidata.org/entity/Q27108230,http://schema.org/Campground,,,
hostel,http://www.wikidata.org/entity/Q654772,http://schema.org/Hostel,,,
hotel,http://www.wikidata.org/entity/Q27686,http://schema.org/Hotel,,,
motel,http://www.wikidata.org/entity/Q216212,http://schema.org/Motel,,,
resort,http://www.wikidata.org/entity/Q875157,http://schema.org/Resort,,,
community pharmacy,http://www.wikidata.org/entity/Q13107184,http://schema.org/Pharmacy,,,
professional services,http://www.wikidata.org/entity/Q2029911,http://schema.org/ProfessionalService,,,
radio station,http://www.wikidata.org/entity/Q14350,http://schema.org/RadioStation,,,
real estate broker,http://www.wikidata.org/entity/Q519076,http://schema.org/RealEstateAgent,,,
recycling center,http://www.wikidata.org/entity/Q27106436,http://schema.org/RecyclingCenter,,,
Self storage,http://www.wikidata.org/entity/Q401404,http://schema.org/SelfStorage,,,
shopping mall,http://www.wikidata.org/entity/Q11315,http://schema.org/ShoppingCenter,,,
bowling alley,http://www.wikidata.org/entity/Q27106471,http://schema.org/BowlingAlley,,,
golf course,http://www.wikidata.org/entity/Q1048525,http://schema.org/GolfCourse,,,
public swimming pool,http://www.wikidata.org/entity/Q27106886,http://schema.org/PublicSwimmingPool,,,
ski resort,http://www.wikidata.org/entity/Q130003,http://schema.org/SkiResort,,,
stadium,http://www.wikidata.org/entity/Q483110,http://schema.org/StadiumOrArena,,,
tennis venue,http://www.wikidata.org/entity/Q13380226,http://schema.org/TennisComplex,,,
shop,http://www.wikidata.org/entity/Q213441,http://schema.org/Store,,,
bookstore,http://www.wikidata.org/entity/Q200764,http://schema.org/BookStore,,,
florist,http://www.wikidata.org/entity/Q16735601,http://schema.org/Florist,,,
liquor store,http://www.wikidata.org/entity/Q2632011,http://schema.org/LiquorStore,,,
outlet store,http://www.wikidata.org/entity/Q76470,http://schema.org/OutletStore,,,
pawn shop,http://www.wikidata.org/entity/Q27108122,http://schema.org/PawnShop,,,
Pet store,http://www.wikidata.org/entity/Q220142,http://schema.org/PetStore,,,
Shoe store,http://www.wikidata.org/entity/Q7500021,http://schema.org/ShoeStore,,,
Toy store,http://www.wikidata.org/entity/Q1318959,http://schema.org/ToyStore,,,
television station,http://www.wikidata.org/entity/Q1616075,http://schema.org/TelevisionStation,,,
visitor center,http://www.wikidata.org/entity/Q1587716,http://schema.org/TouristInformationCenter,,,
travel agency,http://www.wikidata.org/entity/Q217107,http://schema.org/TravelAgency,,,
medical organization,http://www.wikidata.org/entity/Q4287745,http://schema.org/MedicalOrganization,,,
non-governmental organization,http://www.wikidata.org/entity/Q79913,http://schema.org/NGO,,,
sports organization,http://www.wikidata.org/entity/Q4438121,http://schema.org/SportsOrganization,,,
apartment,http://www.wikidata.org/entity/Q188507,http://schema.org/Apartment,,,
Campsite,http://www.wikidata.org/entity/Q832778,http://schema.org/CampingPitch,,,
distillery,http://www.wikidata.org/entity/Q1251750,http://pending.schema.org/Distillery,,,
house,http://www.wikidata.org/entity/Q3947,http://schema.org/House,,,
room,http://www.wikidata.org/entity/Q180516,http://schema.org/Room,,,
hotel room,http://www.wikidata.org/entity/Q23541360,http://schema.org/HotelRoom,,,
conference room,http://www.wikidata.org/entity/Q3469909,http://schema.org/MeetingRoom,,,
Suite,http://www.wikidata.org/entity/Q1367530,http://schema.org/Suite,,,
state,http://www.wikidata.org/entity/Q7275,http://schema.org/State,,,
public aquarium,http://www.wikidata.org/entity/Q2281788,http://schema.org/Aquarium,,,
beach,http://www.wikidata.org/entity/Q40080,http://schema.org/Beach,,,
bridge,http://www.wikidata.org/entity/Q12280,http://schema.org/Bridge,,,
bus station,http://www.wikidata.org/entity/Q494829,http://schema.org/BusStation,,,
bus stop,http://www.wikidata.org/entity/Q953806,http://schema.org/BusStop,,,
cemetery,http://www.wikidata.org/entity/Q39614,http://schema.org/Cemetery,,,
crematory,http://www.wikidata.org/entity/Q157570,http://schema.org/Crematorium,,,
event venue,http://www.wikidata.org/entity/Q18674739,http://schema.org/EventVenue,,,
government building,http://www.wikidata.org/entity/Q16831714,http://schema.org/GovernmentBuilding,,,
city hall,http://www.wikidata.org/entity/Q543654,http://schema.org/CityHall,,,
courthouse,http://www.wikidata.org/entity/Q1137809,http://schema.org/Courthouse,,,
military facility,http://www.wikidata.org/entity/Q18691599,http://schema.org/DefenceEstablishment,,,
embassy,http://www.wikidata.org/entity/Q3917681,http://schema.org/Embassy,,,
museum,http://www.wikidata.org/entity/Q33506,http://schema.org/Museum,,,
music venue,http://www.wikidata.org/entity/Q8719053,http://schema.org/MusicVenue,,,
park,http://www.wikidata.org/entity/Q22698,http://schema.org/Park,,,
parking facility,http://www.wikidata.org/entity/Q27119725,http://schema.org/ParkingFacility,,,
theater,http://www.wikidata.org/entity/Q24354,http://schema.org/PerformingArtsTheater,,,
mosque,http://www.wikidata.org/entity/Q32815,http://schema.org/Mosque,,,
synagogue,http://www.wikidata.org/entity/Q34627,http://schema.org/Synagogue,,,
Hindu temple,http://www.wikidata.org/entity/Q842402,http://schema.org/HinduTemple,,,
Buddhist temple,http://www.wikidata.org/entity/Q5393308,http://schema.org/BuddhistTemple,,,
Catholic church,http://www.wikidata.org/entity/Q1088552,http://schema.org/CatholicChurch,,,
playground,http://www.wikidata.org/entity/Q13607440,http://schema.org/Playground,,,
RV park,http://www.wikidata.org/entity/Q1424620,http://schema.org/RVPark,,,
metro station,http://www.wikidata.org/entity/Q928830,http://schema.org/SubwayStation,,,
taxicab stand,http://www.wikidata.org/entity/Q1395196,http://schema.org/TaxiStand,,,
railway station,http://www.wikidata.org/entity/Q55488,http://schema.org/TrainStation,,,
zoo,http://www.wikidata.org/entity/Q43501,http://schema.org/Zoo,,,
landform,http://www.wikidata.org/entity/Q271669,http://schema.org/Landform,,,
body of water,http://www.wikidata.org/entity/Q15324,http://schema.org/BodyOfWater,,,
canal,http://www.wikidata.org/entity/Q12284,http://schema.org/Canal,,,
ocean,http://www.wikidata.org/entity/Q9430,http://schema.org/OceanBodyOfWater,,,
pond,http://www.wikidata.org/entity/Q3253281,http://schema.org/Pond,,,
river,http://www.wikidata.org/entity/Q4022,http://schema.org/RiverBodyOfWater,,,
sea,http://www.wikidata.org/entity/Q165,http://schema.org/SeaBodyOfWater,,,
waterfall,http://www.wikidata.org/entity/Q34038,http://schema.org/Waterfall,,,
continent,http://www.wikidata.org/entity/Q5107,http://schema.org/Continent,,,
volcano,http://www.wikidata.org/entity/Q8072,http://schema.org/Volcano,,,
landmark,http://www.wikidata.org/entity/Q2319498,http://schema.org/LandmarksOrHistoricalBuildings,,,
residence,http://www.wikidata.org/entity/Q27150063,http://schema.org/Residence,,,
gated community,http://www.wikidata.org/entity/Q75848,http://schema.org/GatedResidenceCommunity,,,
tourist attraction,http://www.wikidata.org/entity/Q570116,http://schema.org/TouristAttraction,,,
